id,first_name,last_name,Adress
1,Devy,Coventry,062 Doe Crossing Court
2,Bernardo,Rosenschein,93785 Rowland Plaza
3,Beale,Frackiewicz,7 Browning Center
4,Abe,Choldcroft,9920 Ridgeview Center
5,Whitman,Thacke,473 Riverside Crossing
6,Christy,Arton,25568 Elmside Street
7,Christan,Swatman,5285 Melvin Court
8,Trudi,Dawdary,595 Sundown Lane
9,Isidore,Plant,4 Prairieview Way
10,Sonya,Hulland,47 Moose Parkway
11,Maddie,Salaman,74494 Pleasure Hill
12,Earl,Mulqueen,739 Shopko Drive
13,Georgi,Parkins,4 Marcy Point
14,Simmonds,Cheverell,44049 Oak Point
15,Ezechiel,Breed,22 Dottie Crossing
16,Randal,Guarin,9 Anderson Hill
17,Eamon,Loxley,037 Northview Terrace
18,Lenka,Pentycost,8 Anniversary Street
19,Andrei,Conlon,18223 Chive Street
20,Francyne,Mitro,86577 Killdeer Park
21,Mycah,Jakubowsky,2 Barby Circle
22,Arliene,Garrique,125 Burning Wood Parkway
23,Kate,Rappport,94 Hintze Trail
24,Starlene,Ganford,4066 Rigney Plaza
25,Arlen,Keaves,60988 Porter Pass
26,Genvieve,McGarahan,45545 Comanche Avenue
27,Gerty,Cashmore,799 Rieder Junction
28,Franciskus,Labbey,70852 Acker Parkway
29,Eduardo,Bovis,25753 Butternut Trail
30,Maury,Bristow,198 Utah Center
31,Mohandis,Grombridge,96 Gateway Point
32,Guthrey,Gabbatt,2 Gerald Trail
33,Bertrand,Abram,04318 Prairie Rose Avenue
34,Elbertine,Scotchmer,54 Golf View Road
35,Virgil,Peiro,4 Blaine Road
36,Sigvard,Pes,28643 Transport Street
37,Farand,Taree,84 Sundown Road
38,Farleigh,Klammt,7 Clarendon Street
39,Cam,Skittles,76 Iowa Drive
40,Zsazsa,Wybrew,8 Namekagon Plaza
41,Ban,Simonetto,15 Stoughton Hill
42,Gage,Risbie,174 Russell Center
43,Sapphira,Margetts,67444 6th Plaza
44,Adelina,Ludovici,27 Corben Trail
45,Pearl,Sandeman,09 Service Circle
46,Clim,Dmitrievski,8 Union Circle
47,Bendick,Kitcatt,63440 Fulton Hill
48,Abeu,Gormley,8 Straubel Circle
49,Melissa,Clapston,740 Pierstorff Crossing
50,Isabella,Giraldo,49 American Road
51,Derril,Dreschler,1591 Thompson Parkway
52,Cathryn,Rosenblum,4 Summerview Circle
53,Ibby,Snufflebottom,2 Blue Bill Park Parkway
54,Carmelita,Wardall,233 Thackeray Place
55,Etti,Cohr,49 Raven Junction
56,Sharline,Dudmarsh,201 American Circle
57,Sorcha,Tootin,05467 Ramsey Center
58,Jaime,Heers,5869 Caliangt Parkway
59,Brittany,Laise,014 Boyd Court
60,Bette,Humble,651 Annamark Park
61,Kaine,Allanby,3076 Northridge Plaza
62,Donielle,Nibloe,23 Hanover Parkway
63,Odille,McCard,094 Tony Circle
64,Eddy,Halfhide,57235 Anthes Drive
65,Javier,Daldry,50872 Judy Avenue
66,Theadora,O'Noland,8031 Southridge Parkway
67,Brew,Hindshaw,0824 Dawn Terrace
68,Linnet,O' Donohue,85 Scofield Crossing
69,Valeria,McCarty,46360 Corben Center
70,Liza,Horburgh,501 Transport Plaza
71,Irvine,Meininking,079 Scofield Parkway
72,Theodore,Richley,8 Melody Place
73,Loree,Davioud,4 Meadow Vale Center
74,Maudie,Anwell,50 Everett Pass
75,Roscoe,Weildish,9047 Arapahoe Court
76,Ema,Nary,88374 Village Trail
77,Nedi,Hilley,6 Anthes Place
78,Godfry,Camlin,2640 Eastlawn Pass
79,Rachele,Wishart,2 Warbler Hill
80,Grannie,Daines,7954 Harbort Court
81,Elsey,Lenoir,16080 Charing Cross Drive
82,Jody,Uttridge,3 Rutledge Lane
83,Frederica,Aberchirder,11 Sunfield Plaza
84,Morna,Carefull,62979 Portage Lane
85,Alfreda,Reiner,6 Darwin Way
86,Lila,Brister,594 Manitowish Parkway
87,Justen,Witsey,55 Scofield Drive
88,Mable,Turbayne,1 Manufacturers Avenue
89,Cam,MacKey,24267 Tennessee Terrace
90,Prescott,Beausang,9 Little Fleur Court
91,Oliver,McCotter,24182 Roxbury Lane
92,Normie,Jirousek,21 Oakridge Crossing
93,Farah,Dennerly,4 Heffernan Parkway
94,Dorie,D'Ruel,9517 Vahlen Pass
95,Christophorus,Giorgiutti,2 Fallview Road
96,Lydon,Cary,31 Roth Place
97,Hazlett,Bulbeck,10 Thompson Trail
98,Traci,Whetnall,760 Mosinee Place
99,Esdras,Cartmell,39 Declaration Trail
100,Harlene,Wingrove,1 Debs Road
101,Gilbertine,Jardine,61 East Alley
102,Debee,Fairtlough,97729 Roth Place
103,Nicolle,Lilly,901 Lunder Center
104,Abdul,Ditter,4243 Mendota Park
105,Ulberto,Rodrigues,2 Bunting Point
106,Keeley,Besnard,7 Becker Pass
107,Friedrich,Quarlis,8 Mandrake Alley
108,Tabby,Raspison,0545 Briar Crest Lane
109,Doralyn,Colquite,6954 Gerald Drive
110,Berkly,Paxton,232 Jana Street
111,Anjela,Grivori,9 Farwell Drive
112,Arie,Curless,3054 Glendale Avenue
113,Bettye,Rhelton,760 David Alley
114,Aluino,Castana,9 Mallory Crossing
115,Ralph,Cosyns,6981 Raven Crossing
116,Wat,McAvey,86 Spaight Hill
117,Reyna,Middleweek,8 Hintze Hill
118,Emory,Sherbrooke,119 Hallows Parkway
119,Andromache,Bicheno,299 Westridge Place
120,Frants,Bradburn,40 Mandrake Circle
121,Haydon,Peyzer,16 Nova Way
122,Ellette,Zavattari,4 Old Gate Way
123,Mellisa,Rillstone,09 Nobel Way
124,Elfrida,Becken,949 Lake View Lane
125,Gorden,Chatelain,2 Katie Parkway
126,Riordan,Letrange,21267 Pepper Wood Drive
127,Justine,Collison,126 Evergreen Hill
128,Olwen,Digby,05788 Northridge Terrace
129,Heinrick,Playfair,37 Waxwing Lane
130,Briana,Ogelbe,9818 Talisman Circle
131,Flossie,Chevins,7 Sachtjen Avenue
132,Grayce,Kitchingman,2 Dakota Road
133,Aurea,Faragan,7 High Crossing Trail
134,Symon,Cruess,16450 Weeping Birch Crossing
135,Kerrill,Casella,77329 Chinook Place
136,Gun,Spellecy,371 Prairie Rose Road
137,Tann,Kenvin,5432 Maryland Avenue
138,Hurleigh,Falla,3989 Clemons Terrace
139,Roseanna,Gallager,7 Hintze Circle
140,Bili,Scardefield,2 Ludington Crossing
141,Hagen,Hartly,3 Grasskamp Center
142,Verile,Ferandez,7 Brown Plaza
143,Gwennie,Somerville,1 Thackeray Center
144,Ewart,Kasman,23 Rigney Park
145,Davida,Jopke,4 Dryden Road
146,Melesa,Keggins,651 Badeau Center
147,Prentiss,Streat,0561 Oak Valley Parkway
148,Bendite,Jeffray,216 Melby Park
149,Katerina,Pettipher,85655 Dakota Lane
150,Constantia,Otto,71 Sycamore Way
151,Cleo,Cordingly,886 Claremont Parkway
152,Seka,Cutchie,7 Melody Point
153,Julianne,Gierke,91094 Sullivan Trail
154,Uri,Di Franceschi,5636 High Crossing Road
155,Allissa,Crosfield,4 Logan Avenue
156,Shayna,Peffer,63761 Southridge Street
157,Delmore,Habard,333 Burning Wood Street
158,Jobyna,Polotti,3 Roxbury Alley
159,Miranda,Willmot,8739 Weeping Birch Place
160,Ellyn,Mix,32689 Crest Line Park
161,Angelico,Trunchion,96 Vernon Terrace
162,Noelyn,Hacker,828 Sunfield Road
163,Karlyn,Jickells,9931 Prairie Rose Street
164,Wilbert,Garfoot,4202 Bellgrove Place
165,Niles,Greensite,4 Magdeline Center
166,Annemarie,Bulfoot,691 Clarendon Street
167,Dilan,Ronaldson,2504 Macpherson Place
168,Lorant,Jerzyk,6 Acker Lane
169,Marcello,Strewther,0141 Forster Crossing
170,Estel,Gothrup,56633 Center Center
171,Richardo,Bissatt,806 Sherman Lane
172,Catherin,Koppelmann,24 Pepper Wood Point
173,Rahel,Gadie,76 Tennyson Alley
174,Inna,Pretor,31033 Scofield Crossing
175,Preston,Diable,66609 Buell Court
176,Dollie,Brunnstein,4 Clyde Gallagher Junction
177,Genni,Becaris,2772 Hoffman Terrace
178,Steffen,Bremner,99 Sachs Alley
179,Osborn,Paddie,67416 Melody Parkway
180,Jarad,Fullman,5582 Thierer Junction
181,Trip,Pawsey,30413 Magdeline Center
182,Tanhya,Puttnam,74331 Surrey Center
183,Read,Eliez,825 Welch Alley
184,Gene,Pluthero,0256 Steensland Plaza
185,Heywood,Halleday,20041 Sutherland Pass
186,Sasha,Lortz,51716 Lien Street
187,Lurlene,Magor,72 Warbler Lane
188,Lindy,Tripean,36174 Novick Parkway
189,Der,Mingus,17 Farwell Plaza
190,Bat,Pashley,6 Browning Road
191,Morrie,Draysey,83 Susan Hill
192,Brok,Gilbeart,8351 Leroy Trail
193,Nari,Warrener,46580 Caliangt Way
194,Rawley,Bartalin,9233 Nevada Court
195,Ulrick,Veel,38785 Sachs Alley
196,Lonni,Kemshell,12 Elka Circle
197,Allys,Foxcroft,516 Buena Vista Way
198,Munroe,Thaine,39834 Ohio Place
199,Isahella,Cressy,3 Alpine Way
200,Andris,Sailes,02 Northwestern Drive
201,Arny,Goodhew,924 Arrowood Drive
202,Crystie,Handrik,94 Manitowish Hill
203,Rosene,Winton,49359 Leroy Park
204,Massimiliano,de Courcey,275 Columbus Way
205,Rabi,Uccello,1539 Harper Parkway
206,Gwenny,Smart,7927 Mallory Circle
207,Sonni,Samett,96 Pearson Circle
208,Denney,Provest,03358 Union Lane
209,Eberhard,Ailsbury,85 Menomonie Center
210,Vinny,Izaks,48562 Northland Place
211,Ferdinanda,Odlin,34284 Norway Maple Center
212,Romonda,Topper,90034 Sloan Parkway
213,Dina,Scaife,157 Hermina Drive
214,Pearline,Nutkin,22 Kingsford Parkway
215,Britt,Francie,5 Twin Pines Alley
216,Xerxes,Osbiston,068 North Crossing
217,Lettie,Knyvett,154 Morningstar Plaza
218,Rab,Key,33402 Meadow Valley Place
219,Layla,Trowl,27796 Parkside Parkway
220,Donall,Blackborn,1 Grim Circle
221,Kimmie,Dallow,70869 Grayhawk Alley
222,Dotti,Yellowlea,38132 International Pass
223,Alvin,Symes,81 Coleman Court
224,Ariana,Bing,2415 Summer Ridge Drive
225,Neilla,Hedworth,2710 Everett Court
226,Casey,Ellin,59384 Pepper Wood Street
227,Dix,Rudledge,7 Pine View Street
228,Nelli,Twort,16 Sycamore Junction
229,Jilleen,Gleave,88810 Arkansas Center
230,Dalt,Hitschke,7 Prairieview Alley
231,Yancy,MacAindreis,8635 Brown Crossing
232,Gannon,Ramsden,0 Thierer Road
233,Lothario,Mion,69181 Northfield Crossing
234,Tamiko,Larmett,5 Butterfield Center
235,Brear,Mateuszczyk,99698 School Terrace
236,Lanie,MacUchadair,2 Becker Avenue
237,Waiter,Gronaller,217 Butterfield Hill
238,Kariotta,Schubuser,84969 Bowman Point
239,Leora,Biaggelli,0563 Browning Place
240,Jeannie,Van Brug,398 Mallard Avenue
241,Lana,Gate,4149 North Point
242,Irene,Edowes,46 Ridgeway Avenue
243,Niall,Perham,883 Miller Avenue
244,Cathleen,Slack,36 Boyd Avenue
245,Nicki,Spradbrow,3 North Crossing
246,Adoree,Byway,9039 Ilene Alley
247,Estrellita,Wallbanks,0524 Duke Alley
248,Evanne,Haton,531 Jackson Drive
249,Brooks,Fishly,3 Spohn Point
250,Orelia,Heater,7 Brown Parkway
251,Catlin,Keenor,1 Donald Terrace
252,Magdalena,Grevatt,20211 Ramsey Lane
253,Grantley,Brunotti,7836 Commercial Crossing
254,Ferd,Haacker,52 Mendota Junction
255,Deonne,Perillio,924 Hauk Place
256,Alisa,Hadwick,08526 Monterey Avenue
257,Leon,Vedstra,770 2nd Park
258,Godwin,Mazey,900 Red Cloud Avenue
259,Brit,Capeling,42072 Chive Avenue
260,Durant,Massie,12 Express Road
261,Karisa,Szepe,7 Kings Plaza
262,Brittaney,Caulcott,0 Ronald Regan Junction
263,Lorain,Perrat,9 Pennsylvania Place
264,Krystalle,Leyrroyd,3480 Melvin Lane
265,Ranice,Jose,38 Goodland Way
266,Erica,Oleksiak,52 Oak Circle
267,Andria,Weekley,6326 Logan Junction
268,Johanna,Folan,00 Butterfield Park
269,Pall,Duchart,5169 North Trail
270,Arden,Loddon,88 Village Hill
271,Zeb,Hovert,57 Harbort Street
272,Trudey,Inkle,506 Cody Point
273,Erena,Cantopher,027 Chive Hill
274,Shir,Folli,15131 Fisk Avenue
275,Shaughn,Neligan,6 Namekagon Plaza
276,Idell,Whiteoak,8146 Melody Point
277,Phyllys,Shimoni,27 Crownhardt Court
278,Winslow,Zanini,1392 Browning Way
279,Gibb,Parsley,0912 Spaight Place
280,Rica,Bener,8 Melrose Plaza
281,Alberta,Otton,2 Scott Avenue
282,Allsun,Tomley,76 Ridgeview Place
283,Lyndsay,Spawell,3186 Hooker Circle
284,Tim,Crinson,21 Warrior Court
285,Betsey,Rosson,68690 Springs Pass
286,Mohammed,Conring,312 Washington Terrace
287,Dalston,Toon,506 Morning Road
288,Antonin,Danbye,1495 Pierstorff Drive
289,Sallyanne,Vaughton,42 Anthes Pass
290,Wendall,Bremner,319 Golf View Center
291,Sisile,Nancarrow,5135 Armistice Hill
292,Rriocard,Spilling,67215 Kings Street
293,Padgett,Sowerby,2734 Butternut Court
294,Joyan,Witz,9586 Blackbird Place
295,Claude,Iannuzzelli,06 Doe Crossing Lane
296,Shanda,Bilofsky,7442 Thackeray Alley
297,Renell,Nise,70551 Raven Road
298,Hamil,Roseveare,368 Sunnyside Terrace
299,Justis,Timblett,4 Beilfuss Terrace
300,Sherwin,Brickett,325 5th Point
301,Andrej,Grieves,097 Valley Edge Trail
302,Pavel,Waddam,50908 Hanson Lane
303,Pooh,Hosburn,8 Prentice Street
304,Adriena,Beales,1129 Leroy Junction
305,Olivier,Mead,3 Eliot Road
306,Melita,Izakov,99 Weeping Birch Alley
307,Stanislaus,Ashmole,77 Maple Circle
308,Sheffield,Botger,158 Brentwood Lane
309,Joyan,McFaell,478 Oneill Lane
310,Carlin,Kolushev,8327 Lakewood Terrace
311,Cynthea,Corro,6746 Ohio Drive
312,Trudie,D'Ambrosi,3 Moland Street
313,Rosaline,Geillier,5702 Forest Dale Court
314,Jamill,Prudham,383 Mcbride Street
315,Husain,McAteer,393 2nd Park
316,Fred,Peddersen,25 Northland Lane
317,Nicolai,Hackworth,93 Fairfield Parkway
318,Camila,Gillett,33 Comanche Way
319,Glenine,Dafydd,01 Corben Point
320,Florie,Cluer,5657 Vernon Court
321,Xever,Rapier,911 Hoffman Park
322,Kennett,Spedroni,9 Dexter Pass
323,Currie,Ruhben,3 Straubel Crossing
324,Lynde,Holston,74 Loeprich Crossing
325,Tracey,Lammerding,8 Vidon Terrace
326,Silvester,Greschke,7 Declaration Way
327,Ashley,Blasi,0 Badeau Lane
328,Alanah,Alvy,5 Manley Junction
329,Ned,Sinton,30824 Duke Trail
330,Alphard,Calafato,8 Commercial Street
331,Marcellus,Cullimore,76 Kenwood Avenue
332,Keriann,Mallender,29 Namekagon Court
333,Keen,Beckley,05 Dawn Terrace
334,Jessie,Vanes,0431 Delaware Park
335,Carver,Bragg,6 Sage Center
336,Haley,Follos,03 Maple Avenue
337,Darb,Dyte,24037 Marquette Parkway
338,Benn,Kettlewell,6823 Sage Junction
339,Elenore,Danielczyk,43671 Katie Court
340,Freedman,Bearsmore,05 Holy Cross Terrace
341,Tiphany,Reilinger,4 Pearson Court
342,Bertina,Buckoke,7120 John Wall Road
343,Patten,Flood,9 Heath Trail
344,Cammy,Hinge,3653 Bonner Place
345,Liana,Torr,68935 Schmedeman Court
346,Abel,Djokovic,6 Hermina Parkway
347,Brod,Ghest,8 Eggendart Place
348,Jerrie,Carruthers,637 Monument Terrace
349,Miof mela,Brahmer,144 Service Court
350,Natalina,Beatty,5 Del Mar Street
351,Jessey,Laurance,306 Armistice Lane
352,Amity,Faldoe,78633 Park Meadow Avenue
353,Polly,Colrein,9757 Union Pass
354,Teodoor,Heikkinen,1988 Mayer Court
355,Kenny,Espada,44290 Sundown Terrace
356,Adolpho,Snarie,9633 Northwestern Place
357,Piotr,Jacquemard,249 Browning Junction
358,Alvinia,Tratton,05 Crowley Avenue
359,Olin,Aleksandrikin,0960 Shasta Way
360,Allie,Rideout,2 Kennedy Park
361,Doy,Smyth,2246 Stang Parkway
362,Stacie,Stolze,730 Orin Hill
363,Dorella,Giacomuzzi,73678 Anhalt Trail
364,Renado,Molan,1739 Haas Road
365,Rea,Trew,45 Acker Way
366,Johny,Minto,9 Green Plaza
367,Kendre,Yashnov,19883 Springs Point
368,Alberik,Finessy,6464 Melby Way
369,Gris,Goodram,52086 Bultman Circle
370,Garey,Chatt,24 Saint Paul Crossing
371,Mead,Cleverley,129 Columbus Way
372,Lydia,Couper,3 John Wall Street
373,Traci,Parzizek,12 Maple Pass
374,Cordy,Elvish,3 Hauk Hill
375,Binnie,Brislen,4512 Huxley Avenue
376,Cly,Pleven,863 Westerfield Hill
377,Hall,Dollar,8071 Dryden Circle
378,Damita,Forman,6888 Marcy Crossing
379,Mariana,Grieve,64 Derek Park
380,Dyana,Mott,63253 Utah Hill
381,Rem,Cranstoun,48 Sutteridge Court
382,Sven,Cornilleau,8350 Blue Bill Park Crossing
383,Florence,Fontanet,0849 Scofield Lane
384,Trip,Scammonden,8302 Farragut Center
385,Rocky,Beeke,1 Brickson Park Crossing
386,Kathryn,Kettlewell,10537 Lighthouse Bay Court
387,Kelsey,Buggs,10 Fair Oaks Point
388,Candra,Petruskevich,8527 Lukken Road
389,Maurine,Poston,303 Merrick Alley
390,Morris,Dunlap,8271 Hoard Pass
391,Margarethe,Barks,86678 Northfield Terrace
392,Drew,Jimes,6087 Fisk Alley
393,Gonzales,Durker,7787 Birchwood Junction
394,Rawley,McPhelimey,35340 Eagle Crest Lane
395,Wini,Morlon,64637 Fordem Park
396,Frederik,Strahan,7 Bunker Hill Hill
397,Ansel,Jahnel,322 Tennyson Place
398,Neilla,Sides,31 Nevada Parkway
399,Vonny,Vidyapin,146 Judy Pass
400,Jeni,Tolliday,20 Hayes Court
401,Cobbie,Moles,7 Park Meadow Avenue
402,Diego,Casin,08789 Summerview Circle
403,Cherin,Chazette,87475 Towne Alley
404,Julio,McAulay,73 Meadow Valley Place
405,Lazaro,Annis,31 Prentice Terrace
406,Dyane,Ickowicz,0163 Dahle Plaza
407,Davey,Dilgarno,9971 Dahle Lane
408,Frannie,Seys,2 Warbler Lane
409,Holli,Dugall,8521 Ridgeview Parkway
410,Cody,Hagard,32 Brown Plaza
411,Bordy,Ethridge,2 Carpenter Lane
412,Fidel,Rimour,0315 Crownhardt Street
413,Alexi,Thacker,909 Springview Place
414,Charmain,Pindell,1 Oxford Parkway
415,Graham,Dashwood,88 Mesta Pass
416,Welby,Goodsell,94955 Marquette Lane
417,Ernst,Goodreid,0 Shelley Road
418,Nicolai,Kirimaa,74368 Anniversary Plaza
419,Barri,Headrick,02 Schurz Drive
420,Dennie,Grimsey,60399 Stang Hill
421,Parrnell,Dronsfield,1198 John Wall Pass
422,Hollie,Laxston,18039 Summer Ridge Lane
423,Melany,Eddis,821 Anhalt Circle
424,Wylma,Worsley,20596 Pawling Avenue
425,Tilda,Really,67035 3rd Parkway
426,Wallie,Smiz,1478 Troy Avenue
427,Francis,Clifford,53 Paget Trail
428,Hadley,Smorthit,7945 Logan Point
429,Diego,Edelmann,6 Sherman Terrace
430,Lavinie,Spoole,1767 1st Terrace
431,Nike,Matterdace,0 Monterey Place
432,Adena,Lewsey,98 Gina Point
433,Crissy,Hryskiewicz,76 Sommers Trail
434,Jacquetta,Iddons,66809 Dexter Crossing
435,Jesus,Pounsett,915 Rutledge Way
436,Max,Nansom,235 Bluejay Plaza
437,Dorelia,Gimbart,800 Monument Plaza
438,Parke,Kubasiewicz,2495 Portage Alley
439,Bibi,Bendixen,9817 Annamark Center
440,Cris,Burcher,67 Pleasure Center
441,Salem,Chern,35 Forest Dale Junction
442,Marillin,Annon,5 Lukken Road
443,Karly,Brecknock,4768 Dakota Junction
444,Cissy,Fewell,50 David Drive
445,Merrick,Kevis,31 Novick Alley
446,Raye,Tebbut,25290 Mayfield Terrace
447,Bobbie,Siebart,230 Fulton Place
448,Chantal,Burnall,212 Dayton Avenue
449,Natalina,Ambler,0 Southridge Parkway
450,Herold,Matuszkiewicz,86863 Evergreen Junction
451,Leda,Welfair,49 Browning Avenue
452,Dorris,Wyburn,7456 Holy Cross Point
453,Elysee,Goodinson,36 Reindahl Drive
454,Gabe,Laminman,13569 Center Drive
455,Brent,Djordjevic,9 Moose Parkway
456,Charlotta,Theyer,24896 Hanover Plaza
457,Rene,Ivashev,1 Swallow Parkway
458,Hillie,Camidge,600 Bunting Street
459,Tam,Colthurst,92609 Loomis Alley
460,Sayer,Coalburn,16 Delladonna Court
461,Beatriz,Dono,59 Roth Terrace
462,Alexander,Pohl,706 Emmet Park
463,Magdalena,Pieter,67 2nd Terrace
464,Doreen,Alflatt,3 Derek Junction
465,Nicolette,Crudge,987 Grover Point
466,Rosamond,Vernay,17 Charing Cross Plaza
467,Kelsey,Beamont,835 Logan Point
468,Minta,Evans,8 Continental Road
469,Lulu,Dougal,4216 Grim Place
470,Roland,Jess,64811 Helena Point
471,Guthrey,Ebsworth,6328 Welch Circle
472,Arlyne,Skillings,7106 Waxwing Hill
473,Tadeo,Furphy,849 David Park
474,Dix,Gabbitis,240 Coleman Pass
475,Petronia,Massingberd,5 Bartelt Crossing
476,Bengt,Gossage,3522 Buell Terrace
477,Alida,Lynock,454 Ryan Center
478,Berkly,Challener,4 Sloan Crossing
479,Dietrich,MacVagh,3541 Gerald Court
480,Marlie,Drohan,5379 Eliot Terrace
481,Murdock,Greenig,194 Northfield Junction
482,Chrissie,Eagling,825 Utah Terrace
483,Ardelle,Demaine,952 Truax Center
484,Shana,Saur,43 Lerdahl Park
485,Portia,Andrasch,8817 Ruskin Pass
486,Iago,Quinell,4 Hansons Park
487,Dermot,Wilde,96531 Lawn Park
488,Ilene,Karpol,170 Heath Junction
489,Shirlee,Riddel,2286 Florence Plaza
490,Marabel,Hearnshaw,9 Elka Road
491,Gil,Kimmel,55396 Dwight Circle
492,Ame,Karpfen,3979 Dapin Junction
493,Tandy,Raitt,6696 Farmco Park
494,Denis,Normanville,2 Clemons Road
495,Valentina,Gurry,92115 4th Hill
496,Shaine,Tolomio,07 Longview Drive
497,Karalee,Cattlow,6 Oakridge Trail
498,Winnifred,Di Biasi,6 Clove Center
499,Molly,Clemo,67271 Bunker Hill Pass
500,Lindi,Bonafacino,86 Continental Parkway
501,Kingsly,MacDavitt,5952 Northland Plaza
502,Teador,Oldacres,8 Stoughton Hill
503,Haslett,Gothrup,34068 Lake View Junction
504,Ciro,Shortcliffe,50593 Del Mar Point
505,Batsheva,Loughman,6 3rd Parkway
506,Wandie,Vedishchev,05309 Cottonwood Road
507,Sid,Gaiger,695 Farwell Junction
508,Rhodia,Andree,53664 Anzinger Crossing
509,Mikol,Egle,8098 Daystar Way
510,Alonzo,Benedetti,7952 2nd Avenue
511,Megan,De Minico,8825 Southridge Park
512,Carissa,Pastor,98 Ludington Park
513,Jennee,Bromidge,3462 Carberry Pass
514,Bessy,Gagan,709 Quincy Plaza
515,Alleyn,Carswell,99 Vidon Hill
516,Conrade,Cromblehome,23 Declaration Lane
517,Viviyan,Gailor,4 Monument Crossing
518,Dallon,Malkie,9984 Riverside Point
519,Bebe,Sancroft,79 Magdeline Crossing
520,Alberta,Harcus,743 Northridge Circle
521,Sela,Chantrell,8 Dapin Crossing
522,Wes,MacRannell,3575 Glacier Hill Parkway
523,Gasper,Shewsmith,289 Fair Oaks Circle
524,Caryl,Biasioli,0762 Melvin Hill
525,Fianna,Wrightham,0031 Sutteridge Crossing
526,Wenda,Hunday,78 Mifflin Park
527,Carine,Hought,36001 Basil Street
528,Maddy,Chrstine,25 Acker Pass
529,Susy,Main,8 Center Parkway
530,Bridgette,Kitchaside,6 Ramsey Parkway
531,Eward,Olle,0 Sachtjen Hill
532,Arden,Cleen,36945 Novick Center
533,Gertrud,Trayhorn,53089 Forest Way
534,Ariana,Loughney,912 Redwing Place
535,Giacopo,Attard,8 Chinook Pass
536,Marvin,Raffan,9 Oneill Alley
537,Corrie,Kidson,2 Larry Crossing
538,Muffin,Ashforth,0 Hoffman Parkway
539,Rhody,Brandone,37 Division Junction
540,Britt,Gainor,0 Cody Plaza
541,Valma,Marqyes,7040 Grover Street
542,Fabien,Izen,49397 Dennis Alley
543,Morly,Snowball,5 North Parkway
544,Barbe,Polet,5262 Pennsylvania Hill
545,Dionysus,Wolpert,629 Dennis Park
546,Rosalyn,Whiteford,85 Coolidge Drive
547,Cullan,Chapier,03 Thierer Drive
548,Elora,Heard,02 Helena Way
549,Hogan,Luparto,5 Vernon Court
550,Lazarus,Gonoude,1 Mayer Point
551,Leonhard,Layton,153 Oakridge Way
552,Algernon,Doonican,91 Buell Pass
553,Cherrita,Menichini,94 Wayridge Junction
554,Jan,Celloni,876 Vera Pass
555,Mattie,Haycroft,8 Ridgeway Drive
556,Calv,Strodder,24 Thompson Hill
557,Tildy,Petts,00 Carioca Center
558,Gianina,Sackett,3 Center Trail
559,Leandra,Rosellini,47746 Northwestern Terrace
560,Laney,Orton,1 6th Court
561,Giacobo,Perrigo,1073 Elka Court
562,Elmer,Hirth,9889 Summer Ridge Hill
563,Celine,Gaythor,506 1st Court
564,Cornelia,Gregr,2105 Sauthoff Park
565,Elfie,Hakes,71 Cambridge Terrace
566,Reid,Gansbuhler,2 Ramsey Hill
567,Frederigo,O'Scollain,71 Sutherland Circle
568,Don,Rawe,7 Reindahl Center
569,Anastasie,Honnicott,1633 Drewry Park
570,Ryan,Haggith,12 3rd Avenue
571,Rainer,Sheer,532 Badeau Drive
572,Jamil,Paula,92 Hintze Pass
573,Cyrille,Landa,19 Gulseth Alley
574,Cammie,Bondy,494 Clarendon Street
575,Tobit,McSkin,0 Macpherson Drive
576,Latrina,Stubbin,185 School Park
577,Naomi,Gasson,8192 Golf Junction
578,Dalston,Aristide,1830 Buena Vista Park
579,Mahala,Olphert,95 Artisan Circle
580,Maurise,Cressingham,686 Porter Parkway
581,Abbott,Willmett,6 Kipling Parkway
582,Pepe,Rock,1 Debs Trail
583,Pip,Beevens,8 Bashford Trail
584,Moses,Corstan,71276 Waywood Alley
585,Demetria,Huelin,5901 Sutteridge Circle
586,Osbourn,Zannelli,17 La Follette Place
587,Harwell,O'Dogherty,427 Jana Place
588,Nata,Noirel,57663 Anzinger Road
589,Cheryl,Piechnik,2 Del Sol Pass
590,Cindy,Scollan,30599 Briar Crest Hill
591,Shellysheldon,Varnam,2 Loomis Avenue
592,Aubrey,Bozier,67 Washington Street
593,Martguerita,Bertrand,25 Loomis Alley
594,North,Trotman,48782 Crownhardt Center
595,Jeffie,Quiddington,34926 Straubel Street
596,Zorah,Harradence,80101 Thierer Trail
597,Noel,Ludwig,6256 1st Trail
598,Giraldo,Threadgold,4 Merry Junction
599,Drucie,Eyles,5715 Lunder Park
600,Lenora,Ponte,7 Elmside Drive
601,Andree,Bielefeld,9057 Nova Crossing
602,Ingaberg,Sinisbury,86162 Golf Course Court
603,Hildy,Stempe,7 Cambridge Pass
604,Angelico,Keig,43076 Namekagon Park
605,Guillermo,Weightman,5507 Clemons Hill
606,Shirley,Feaviour,23462 Lunder Street
607,Minnaminnie,Reedy,576 Montana Hill
608,Luca,Kenningley,696 Sommers Parkway
609,Tommy,Bonnet,51850 Jay Drive
610,Meyer,Heimes,21 Warner Junction
611,Ceciley,Benyon,6167 Weeping Birch Way
612,Elisha,Nott,970 Meadow Valley Plaza
613,Pepe,Fain,437 Stone Corner Street
614,Ado,Klein,089 Springs Trail
615,Faith,Seatter,3 Green Ridge Pass
616,Colene,Crotty,18 Old Gate Court
617,Tomi,Levesque,4 Boyd Plaza
618,Bondy,Hansbury,1138 Old Shore Point
619,Lanni,Soans,6037 Delladonna Lane
620,Ripley,Erricker,2017 Homewood Crossing
621,Jimmie,Gantlett,628 Bluejay Crossing
622,Bennett,Fawlks,6 Buell Circle
623,Belva,Stanney,0163 Merchant Junction
624,Kiersten,Maghull,7 Burning Wood Point
625,Alfonso,Stride,7 Sherman Avenue
626,Derril,Danielou,02609 Norway Maple Court
627,Niven,Moggan,759 Scott Way
628,Jody,MacGruer,0 Homewood Alley
629,Putnam,Carlisle,0181 Gateway Trail
630,Cristin,Keays,6576 Morning Junction
631,Kare,Rowes,50 Loomis Plaza
632,Crysta,Peto,44 Vernon Parkway
633,Gil,Giblin,1 Fremont Street
634,Pansie,Rolland,5309 Moulton Alley
635,Berkie,Saunt,86132 Burrows Hill
636,Margret,Sly,571 Katie Court
637,Alexandr,Castelow,376 Rusk Road
638,Jordan,Scain,58012 Scott Plaza
639,Averill,Franke,94756 Stuart Parkway
640,Martie,Rodgers,5680 Toban Lane
641,Bessy,Taye,47 Menomonie Crossing
642,Jeffrey,Bastie,1 Londonderry Pass
643,Merla,Adhams,068 Gateway Crossing
644,Alonso,Romagosa,2 Wayridge Center
645,Noam,Stoggles,16871 Rigney Hill
646,Randell,Mayhou,8 Meadow Ridge Place
647,Sabrina,Ollenbuttel,01 Crownhardt Way
648,Goldie,Burnell,73 Golf View Place
649,Yoshiko,Lamble,75 Randy Center
650,Concettina,Vesque,33804 Dawn Park
651,Joeann,Sandle,0627 Basil Court
652,Crissie,Durdan,80 Ilene Center
653,Glyn,Jobke,6 Pierstorff Drive
654,Stewart,Licquorish,7 Mockingbird Terrace
655,Deana,Reinhardt,5 Stang Court
656,Parke,Petrak,689 8th Street
657,Anett,Lafflin,68 Oneill Park
658,Klarrisa,Chatres,55313 International Trail
659,Nan,Rushforth,6 Kim Road
660,Leilah,Hadwick,3 Service Trail
661,Cornelia,Nayshe,629 Sherman Crossing
662,Abran,Durtnell,9772 Westport Parkway
663,Hasheem,Pendered,03088 Claremont Center
664,Charita,Ropkes,1 Holy Cross Drive
665,Josh,Amorine,2 Oakridge Point
666,Georgetta,Coller,520 Sachtjen Hill
667,Gray,Joselin,5874 Norway Maple Pass
668,Lani,Brogan,79935 Kings Junction
669,James,O Mullen,56 1st Circle
670,Milka,Oldnall,4633 Sutherland Circle
671,Earl,Allman,8054 Lunder Hill
672,Jolyn,Raimbauld,0 Nelson Junction
673,Giovanni,Ovesen,2 Lien Trail
674,Sammy,Horrell,5 International Way
675,Lia,Purry,7524 Hazelcrest Trail
676,Hazlett,Sambals,633 Tennyson Court
677,Merv,Ronayne,23277 Talmadge Junction
678,June,Sheraton,4567 Hagan Terrace
679,Haskel,Wise,47 Pepper Wood Court
680,Ingunna,Thrower,36525 Basil Court
681,Corty,Moulin,9200 Cordelia Lane
682,Antonina,Gilliam,5 Doe Crossing Avenue
683,Jermain,Chellam,9 Florence Court
684,Lise,Willimott,84 Old Gate Parkway
685,Toby,Crouse,1099 Reindahl Avenue
686,Ebonee,Jeandillou,7 Crest Line Circle
687,Berne,Stowell,3210 Reinke Lane
688,Timotheus,Ledwich,47415 Shasta Drive
689,Royal,Bende,9223 Dottie Drive
690,Franklin,Madgwick,2 Prentice Terrace
691,Pat,Peckitt,9748 Summerview Court
692,Cobbie,Hanks,6 Loomis Park
693,Jocelyne,Skittles,7 Coleman Point
694,Demetria,Bramont,6 Milwaukee Drive
695,Virgina,Buncher,5117 Utah Road
696,Brenna,Peploe,3 Brown Way
697,Vivianna,Itter,7212 Florence Lane
698,Dominic,Saffon,32 Lerdahl Lane
699,Rebekkah,Swayne,97975 Weeping Birch Hill
700,Arlin,Eadie,7 Glendale Crossing
701,Mervin,Boow,7846 Bartillon Hill
702,Leon,Krook,91 Mcguire Road
703,Ricki,Jamson,05029 Starling Lane
704,Dalis,Sheehan,7 Caliangt Court
705,Esma,Ivanusyev,547 Sutherland Lane
706,Jimmie,Odo,206 Stoughton Road
707,Maynard,Pickett,7463 Cambridge Avenue
708,Nikolaus,Pearman,81 Hanover Street
709,Natty,Westwater,8 Lawn Crossing
710,Alanna,Sabberton,48254 Manitowish Center
711,Renelle,Ricarde,64 Mosinee Point
712,Teri,Skerme,576 Luster Hill
713,Randa,Colbert,27 Bunting Park
714,Penelopa,Casserly,0544 Grasskamp Hill
715,Marys,Mustin,21217 Coolidge Road
716,Greta,Whittall,00 Debra Point
717,Alisander,Garraway,34524 Ridgeway Road
718,Etta,Bourdas,3041 Crowley Parkway
719,Arne,Raithbie,32 Boyd Street
720,Glenna,Durrad,0547 Tennessee Avenue
721,Charlotta,Phelps,1 Kensington Point
722,Xenos,Cattellion,3999 Kim Alley
723,Locke,Caddies,48844 Dahle Place
724,Elnora,Iacoboni,072 Miller Hill
725,Lem,Wagenen,34127 Arrowood Alley
726,Abbey,Pershouse,8 Pierstorff Terrace
727,Estella,Proom,456 Shasta Center
728,Casper,Dalinder,93441 Rockefeller Terrace
729,Juliette,Somerville,65996 Spaight Place
730,Lindsey,Dowzell,37115 Kipling Park
731,Bari,Ivanenko,9906 Ohio Alley
732,Ives,Corneliussen,56081 Kedzie Court
733,Malena,Skelly,05 Porter Point
734,Massimiliano,Torrijos,096 Superior Road
735,Sheelagh,Ruddick,4624 Hanover Plaza
736,Paola,Swansbury,6152 High Crossing Crossing
737,Bertrand,Clavey,12824 Independence Way
738,Bette,Morot,01483 Alpine Circle
739,Donn,Mowling,4516 Northport Way
740,Joleen,Bradshaw,09641 Crest Line Terrace
741,Gabriela,Franck,79 Hollow Ridge Pass
742,Gasparo,McKomb,9760 Portage Alley
743,Tucker,Drinnan,98 Eagan Street
744,Edmon,Bygrave,0 Kennedy Pass
745,Janaya,Harsum,989 Hoard Parkway
746,Cobby,Lamshead,5034 Anniversary Center
747,Carrol,Yanov,6595 Mayer Way
748,Theo,Wadwell,97 Trailsway Hill
749,Tedda,Matten,31805 Springview Place
750,Hailey,Glavis,543 Jenifer Court
751,Huntington,Adrian,3671 Westerfield Point
752,Harlen,Spraggs,4055 1st Place
753,Everard,Dugood,1 Tony Street
754,Cullie,Freckingham,16 Schmedeman Junction
755,Maribeth,Lorrain,016 Stuart Way
756,Duffie,Libreros,35051 Gina Road
757,Heinrik,Lesaunier,58 Lerdahl Alley
758,Charley,Weatherell,51 Hanson Lane
759,Alick,Casazza,303 Spenser Plaza
760,Felizio,Strugnell,4 Coolidge Drive
761,Clifford,Grindley,202 Spohn Junction
762,Orel,Wiltshier,5 Talmadge Street
763,Ahmad,Arnott,103 Brickson Park Crossing
764,Olivette,Sheen,7631 Fuller Way
765,Aloysia,Face,66121 Service Drive
766,Egor,Courcey,51 Barby Alley
767,Cati,Laux,332 Eagle Crest Avenue
768,Byrle,Annesley,9 Gerald Trail
769,Nefen,Vedeniktov,114 Luster Place
770,Barty,Quayle,75469 4th Hill
771,Crissy,Yurtsev,46 Burning Wood Terrace
772,Brooks,Darlison,276 Washington Junction
773,Quintin,Brettoner,729 Eastlawn Crossing
774,Denice,Snasdell,0 Shelley Park
775,Caroljean,Wagnerin,89 Quincy Court
776,Dougie,Delgardo,3 Lakeland Parkway
777,Dodi,Absolom,33805 Village Center
778,Rhona,Rottgers,7184 Pine View Terrace
779,Filmer,Louys,77 Commercial Center
780,Robin,Wenden,41469 Farmco Trail
781,Nolly,Potier,73 Golden Leaf Junction
782,Gunter,Pomphrett,0979 Northwestern Lane
783,Alyce,Kinforth,31 Almo Avenue
784,Jarad,Duro,1 Lake View Plaza
785,Elenore,Willshee,25 Northport Lane
786,Alicea,Forsyde,64905 Almo Lane
787,Kiri,Lamkin,166 International Trail
788,Shermy,Barnfather,4349 Jana Terrace
789,Karine,Laurence,01 Hooker Avenue
790,Pyotr,Bloxsom,2 Ridgeway Plaza
791,Sharl,MacGee,12783 Logan Pass
792,Kayla,Andree,563 Fallview Avenue
793,Theo,Jaouen,84948 Hovde Pass
794,Shandee,Ege,9418 Merry Avenue
795,Berty,Fasham,70 Dawn Junction
796,Lorettalorna,Vassman,46416 Lakewood Gardens Street
797,Milo,Phythian,6880 Thompson Way
798,Fairlie,Crush,5918 Grayhawk Place
799,Janice,Leece,8 Service Parkway
800,Enrico,Brevetor,30947 Pine View Road
801,Rubina,Leabeater,65859 Gale Road
802,Odelle,Paramor,4144 Laurel Circle
803,Fara,Aldridge,07286 Dixon Terrace
804,Gwenny,Mellon,375 Montana Alley
805,Layla,Wooding,172 Hazelcrest Alley
806,Della,McPike,2 Park Meadow Point
807,Noah,Haggith,1251 Division Street
808,Fianna,Hakeworth,59 Lunder Way
809,Madelle,Jarrold,3504 Old Shore Road
810,Daryle,Goady,92269 Delaware Alley
811,Ginnie,Michelin,4711 Springs Trail
812,Melli,Doctor,91 Continental Circle
813,Morlee,Kirke,1618 Reinke Plaza
814,Bord,Serjeantson,77137 Sherman Terrace
815,Edythe,Dabling,2481 Harper Circle
816,Arri,Andress,1 Fordem Terrace
817,Marnie,Lively,8216 Ronald Regan Parkway
818,Karlens,Raddenbury,0 Talmadge Circle
819,El,Pley,1797 Tennyson Parkway
820,Oona,Stukings,1 Portage Terrace
821,Vinnie,Levy,70732 Derek Circle
822,Paulita,MacBrearty,1 Eliot Road
823,Fair,Bernade,75 Harbort Park
824,Val,Wind,3 Wayridge Lane
825,Eric,Acome,26 Melby Drive
826,Umeko,Divver,882 West Court
827,Brigid,Drance,05513 Straubel Trail
828,Gunther,Pisculli,7 Corscot Park
829,Kynthia,Sommerville,39 Jenifer Road
830,Kristy,Ling,069 Buena Vista Avenue
831,Desmond,Munson,474 Eastlawn Circle
832,Suzann,Findon,307 Lakeland Lane
833,Carrol,Lindstedt,21158 Pankratz Way
834,Reidar,Jacobsen,834 Longview Street
835,Bartholomeo,Goch,58 Pawling Trail
836,Joshia,Dudson,63 John Wall Court
837,Forest,Rawstorn,8 Russell Drive
838,Chloe,Pitceathly,1 East Lane
839,Zane,Huddart,48096 Coleman Hill
840,Normie,Maeer,01 Morning Drive
841,Diena,Ellul,2101 Mariners Cove Hill
842,Renelle,Finley,65 Stuart Terrace
843,Michaela,Pinkstone,06550 Morning Center
844,Barrett,Osichev,9163 Village Place
845,Joyce,Extal,198 Schiller Place
846,Leif,Daffern,9495 Superior Place
847,Puff,Matusov,8190 6th Drive
848,Ediva,Pampling,87192 Dixon Parkway
849,Sibel,Shadrach,641 Bluejay Crossing
850,Gus,Hassan,5 Corry Drive
851,Skyler,Hackly,9117 Scoville Trail
852,Brendis,Geelan,85 Prentice Court
853,Erda,Temporal,50 8th Park
854,Debbi,Mushrow,9842 Autumn Leaf Trail
855,Trudey,McQuorkel,305 Eagan Drive
856,Dyna,Bendon,7 Esch Center
857,Patti,Potkin,61 Canary Hill
858,Toni,Gilhouley,597 Brown Court
859,Jess,Laise,32 Annamark Trail
860,Tabby,Adess,17 Memorial Terrace
861,Mason,Tesh,86321 Jenna Parkway
862,Sheffie,Haisell,361 Forest Run Terrace
863,Moll,Cranna,4251 Rockefeller Avenue
864,Jackie,O'Hollegan,087 Weeping Birch Way
865,Aryn,Bathoe,2193 Beilfuss Junction
866,Ketti,Grossman,347 Schiller Hill
867,Shawn,Novic,10 Trailsway Terrace
868,Al,Garrett,66888 Maryland Pass
869,Ailsun,Hasell,67073 Holmberg Court
870,Taite,Wurz,92851 Lindbergh Way
871,Lucias,Siddall,53130 Cambridge Road
872,Kariotta,Le Jean,29416 North Road
873,Nataline,Greenfield,3538 Porter Lane
874,Yetta,McGlue,6 Monument Terrace
875,Faustine,Stempe,09 Darwin Alley
876,Merry,Fifoot,45602 Sycamore Place
877,Frannie,Harrill,587 Judy Point
878,Mirelle,Ruben,859 Cody Lane
879,Guthrie,Hullbrook,7 Daystar Avenue
880,Cacilie,Beebis,6865 Carpenter Street
881,Maggi,Robarts,5 Dahle Crossing
882,Liv,Ciccerale,79 South Parkway
883,Armstrong,Jeal,66 Mifflin Point
884,Allys,Romera,08 Hansons Lane
885,Maryanne,Emmott,969 Northview Park
886,Dilan,Geoghegan,51816 Springview Junction
887,Alaine,Goodoune,21087 Anniversary Court
888,Jewel,Cheers,68 Westerfield Road
889,Thorndike,Losebie,709 Glacier Hill Trail
890,Morena,Bingall,45460 Steensland Trail
891,Shep,Wiskar,2098 Oriole Crossing
892,Tiler,Taffrey,0 Knutson Pass
893,Jeanette,McCaughren,64 Mallard Crossing
894,Gerri,Guillotin,857 Pankratz Way
895,Terri-jo,Hebblewaite,886 Tennessee Point
896,Skelly,Sysland,688 Sunnyside Lane
897,Elke,Dike,2739 Hagan Park
898,Gretta,Jilkes,26331 Loeprich Plaza
899,Olav,McGloin,22 Ramsey Pass
900,Waldemar,Valler,83610 Talmadge Center
901,Corrina,Du Plantier,11 Old Shore Road
902,Huntington,Armatage,54360 Darwin Crossing
903,Bert,Ikringill,08 Dapin Road
904,Jeanna,Stonner,99619 Maple Road
905,Janelle,Nortunen,4 Goodland Center
906,Ellerey,Sheards,7564 Scofield Center
907,Chrysa,Bentjens,222 Gina Crossing
908,Rosemonde,Ludee,2 Bashford Lane
909,Quintana,Lafaye,1256 Heath Avenue
910,Toiboid,Goldsbury,0083 Anderson Pass
911,Larissa,Mollison,0071 Sugar Way
912,Gabi,Burr,5384 Green Plaza
913,Othilie,McLane,7 Vermont Crossing
914,Wright,Wix,490 Merry Circle
915,Gibb,Riehm,5957 Nancy Court
916,Kenn,Pottell,48 Haas Parkway
917,Florida,Gue,1219 Stephen Alley
918,Bernadette,O'Dowd,39319 Quincy Terrace
919,Ase,McFadden,9 Melody Hill
920,Ginevra,Parlott,04 Rutledge Trail
921,Annora,de Keyser,466 Nancy Terrace
922,Cordy,Turbill,8 Golf View Court
923,Ruy,Konertz,8 Crowley Place
924,Ariel,Reignolds,1 Tomscot Plaza
925,Michel,Dragonette,788 Mosinee Avenue
926,Raina,Perrelli,29134 Corry Park
927,Frederick,Batteson,45 Forest Dale Place
928,Clerkclaude,Sporle,705 Upham Court
929,Biron,Caghan,45213 Merchant Court
930,Lamar,Rudeforth,7470 Troy Park
931,Travus,Pigne,317 Texas Center
932,Morris,Mannin,92 Huxley Crossing
933,Moishe,Castanos,4 Roxbury Circle
934,Moira,Braga,17 Hagan Lane
935,Ainslee,Shelper,12127 Badeau Crossing
936,Julissa,Rabbage,985 Columbus Way
937,Ferdie,Antonikov,6381 Moland Hill
938,Joyous,Kienlein,54 Spaight Center
939,Shandeigh,Halliberton,63 Merry Court
940,Waylan,Graham,3987 Talmadge Crossing
941,Jere,Langdon,645 Ruskin Plaza
942,Reinwald,Bukowski,86 Elmside Court
943,Rachel,Penna,1 Atwood Plaza
944,Juan,Sidle,6 Acker Avenue
945,Godard,Pichan,120 Buhler Street
946,Florella,Murrigan,018 Hovde Trail
947,Maxine,Duthie,9629 Menomonie Terrace
948,Georges,Cosser,26802 Claremont Lane
949,Christyna,Seldon,96 Bunker Hill Road
950,Annamaria,Skipsea,2396 Golden Leaf Pass
951,Greggory,Meader,1711 Cherokee Pass
952,Horace,Charrett,2205 Mallory Parkway
953,Clarette,Endrighi,16 Westport Plaza
954,Valenka,Heggs,15 Sunbrook Plaza
955,Bebe,Sand,96731 Katie Drive
956,Halimeda,Novotne,89794 Lawn Park
957,Leif,Collerd,72 Buhler Trail
958,Alika,Fleetham,498 Birchwood Avenue
959,Beret,Nestor,162 Harbort Alley
960,Abey,Rallinshaw,34 Carberry Road
961,Vale,Gurling,9384 Gateway Park
962,Nappy,Gullivent,5166 Bunting Crossing
963,Christan,Callar,924 Glendale Lane
964,Auria,Sell,7726 Vermont Court
965,Trista,Hayen,789 Buena Vista Trail
966,Shir,Alsopp,8 Bultman Terrace
967,Allegra,Synnott,2 Monterey Avenue
968,Franchot,Feake,5557 Grim Center
969,Keefe,Wanek,9034 Dixon Terrace
970,Fancie,Benez,219 Schiller Place
971,Perkin,Berrigan,7391 Fair Oaks Avenue
972,Hilarius,Heighton,06455 Blaine Crossing
973,Jazmin,Arniz,0 Kensington Plaza
974,Waring,Slight,981 7th Plaza
975,Carmelina,MacKowle,5790 Jana Park
976,Sidonnie,Hows,710 Hooker Trail
977,Berke,Schoolcroft,2092 Forest Dale Circle
978,Doreen,Stang-Gjertsen,1 Manitowish Drive
979,Kari,Hasely,5469 Chinook Junction
980,Goldie,Gionettitti,36021 Prairie Rose Crossing
981,Natalya,Brockelsby,4 Golf Lane
982,Karna,Gemlett,70206 Loeprich Alley
983,Hope,Heintz,4 Washington Crossing
984,Delora,Pinniger,27 Pierstorff Park
985,Elisa,Shorto,4490 Gale Pass
986,Curr,Caddock,021 Eggendart Avenue
987,Zorine,MacKintosh,4877 Randy Center
988,Von,Abbys,93645 Carioca Road
989,Alexis,Mallion,7267 Cardinal Trail
990,Lockwood,Cossins,3372 Debs Street
991,Ford,Spenceley,9559 Eagle Crest Road
992,Morrie,Dimitresco,46221 Dorton Lane
993,Lexie,Rebeiro,33623 Southridge Place
994,Mayne,Screwton,96 Bartillon Court
995,Janos,Slainey,48 Lyons Alley
996,Jacenta,Vanyushkin,56550 Russell Lane
997,Nadean,Chern,0 Bluestem Junction
998,Dani,Furmagier,4 Summerview Plaza
999,Worden,Wigan,78812 Village Court
1000,Marrissa,Ellingford,70 Eagle Crest Terrace
